Group,p_i_mtoe,p_i_mtod,p_i_etoe,p_u_mtod,p_noeng_gl,p_noeng_ll,p_eng_gl,p_eng_ll,frac,sex,age,r_dropout,r_maintenance,r_eng,r_a1cgt8,r_a1clt8
0,0.5599315068,0.03,0.99,0.122,0.07136432137,0.992116888,0.08920540171,0.994087666,0.175,1,30-44,0,1,1,0,1
1,0.783390411,0.03,0.99,0.093,0.07371649243,0.9904819321,0.1105747386,0.9952409661,0.15,1,45-54,0,1,1,0,1
2,0.9066780822,0.03,0.99,0.077,0.07995400546,0.9934955629,0.1399195096,0.9983738907,0.2,1,55-64,0,1,1,0,1
3,0.5,0.03,0.99,0.3,0.02,0.8,0.025,0.85,0.15,2,30-44,0,1,1,0,1
4,0.783390411,0.03,0.99,0.093,0.06963566994,0.9926523136,0.1044535049,0.9963261568,0.125,2,45-54,0,1,1,0,1
5,0.9066780822,0.03,0.99,0.077,0.0845750231,0.9949623455,0.1480062904,0.9987405864,0.2,2,55-64,0,1,1,0,1
